Threads,T_serial,T_parallel,Speedup
2,1.311416,0.169851,7.720979
4,1.311416,0.421548,3.110953
6,1.311416,0.639849,2.049571
8,1.311416,0.907533,1.445034
10,1.311416,1.179399,1.111936
12,1.311416,1.400921,0.936110
14,1.311416,1.646665,0.796407
16,1.311416,1.897221,0.691230
18,1.311416,2.107658,0.622215
20,1.311416,2.326025,0.563801
22,1.311416,2.600942,0.504208
24,1.311416,2.832387,0.463007
