Threads,SequentialTime,ParallelTime,Speedup,Efficiency,Validation
1,0.002755,0.003013,0.914378,0.914378,VALID
2,0.002755,0.003241,0.850070,0.425035,VALID
4,0.002755,0.002379,1.158048,0.289512,VALID
8,0.002755,0.002223,1.239275,0.154909,VALID
16,0.002755,0.004820,0.571577,0.035724,VALID
