Threads,SequentialTime,ParallelTime,Speedup,Efficiency,Validation
1,0.183168,0.198789,0.921420,0.921420,VALID
2,0.183168,0.105739,1.732269,0.866134,VALID
4,0.183168,0.119340,1.534844,0.383711,VALID
8,0.183168,0.105552,1.735337,0.216917,VALID
16,0.183168,0.101488,1.804824,0.112801,VALID
